experiment_id,feature,n_rows,n_burned,n_unburned,n_spatial_blocks,raw_auc,raw_auc_ci_low,raw_auc_ci_high,signed_auc,signed_auc_ci_low,signed_auc_ci_high,direction,support_status,successful_replicates,requested_replicates,n_complete_case,n_missing,auc_point_estimate,bootstrap_lower,bootstrap_upper,interval_includes_0_5,support_token
evia_2021_extended,ndvi_mean,9298,2664,6634,155,0.6391494562092995,0.5749285449525442,0.7006046421340476,0.27829891241859905,0.14985708990508834,0.4012092842680953,higher_values_rank_burned,bootstrap_supported_positive_direction,1000,1000,9298,0,0.6391494562092995,0.5749285449525442,0.7006046421340476,False,bootstrap_supported_positive_direction
evia_2021_extended,elevation_mean,9298,2664,6634,155,0.540559580910425,0.4483537317612215,0.626146085073554,0.08111916182085,-0.10329253647755698,0.2522921701471079,higher_values_rank_burned,interval_includes_zero,1000,1000,9298,0,0.540559580910425,0.4483537317612215,0.626146085073554,True,interval_includes_zero
evia_2021_extended,slope_mean,9298,2664,6634,155,0.486543098344048,0.41769297357779134,0.554042450008236,-0.02691380331190396,-0.1646140528444173,0.10808490001647213,lower_values_rank_burned,interval_includes_zero,1000,1000,9298,0,0.486543098344048,0.41769297357779134,0.554042450008236,True,interval_includes_zero
evia_2021_extended,lst_anomaly_mean,9298,2664,6634,155,0.6400549435604515,0.5671047052827075,0.710175869871198,0.2801098871209029,0.13420941056541497,0.420351739742396,higher_values_rank_burned,bootstrap_supported_positive_direction,1000,1000,9015,283,0.6400549435604515,0.5671047052827075,0.710175869871198,False,bootstrap_supported_positive_direction
evia_2021_extended,current_lst_mean,9298,2664,6634,155,0.37651907667348405,0.3012790089007279,0.45585820887246337,-0.2469618466530319,-0.39744198219854426,-0.08828358225507332,lower_values_rank_burned,bootstrap_supported_negative_direction,1000,1000,9275,23,0.37651907667348405,0.3012790089007279,0.45585820887246337,False,bootstrap_supported_negative_direction
evia_2021_extended,current_tvdi_mean,9298,2664,6634,155,0.36188826587369816,0.2852365355103699,0.44217142834635265,-0.2762234682526037,-0.4295269289792602,-0.11565714330729475,lower_values_rank_burned,bootstrap_supported_negative_direction,1000,1000,9275,23,0.36188826587369816,0.2852365355103699,0.44217142834635265,False,bootstrap_supported_negative_direction
evia_2021_extended,tvdi_difference_mean,9298,2664,6634,155,0.5191031776643451,0.4444187250619392,0.5889301019447588,0.03820635532869021,-0.11116254987612165,0.1778602038895177,higher_values_rank_burned,interval_includes_zero,1000,1000,9273,25,0.5191031776643451,0.4444187250619392,0.5889301019447588,True,interval_includes_zero
evia_2021_extended,downscaled_lst_mean,9298,2664,6634,155,0.3765491129362415,0.29685914048213763,0.4593307010841324,-0.24690177412751702,-0.40628171903572474,-0.08133859783173521,lower_values_rank_burned,bootstrap_supported_negative_direction,1000,1000,9152,146,0.3765491129362415,0.29685914048213763,0.4593307010841324,False,bootstrap_supported_negative_direction
evia_2021_extended,fused_lst_mean,9298,2664,6634,155,0.37566126384147186,0.30015191434549077,0.4556221037116367,-0.24867747231705628,-0.3996961713090185,-0.08875579257672656,lower_values_rank_burned,bootstrap_supported_negative_direction,1000,1000,9298,0,0.37566126384147186,0.30015191434549077,0.4556221037116367,False,bootstrap_supported_negative_direction
