source_experiment_id,target_experiment_id,direction,model_family,adaptation_method,metric,within_target_auc,raw_auc,adapted_auc,raw_gap,adaptation_effect,remaining_gap,recovered_fraction,recovered_fraction_ci_low,recovered_fraction_ci_high,remaining_fraction,remaining_fraction_ci_low,remaining_fraction_ci_high,adaptation_effect_ci_low,adaptation_effect_ci_high,adapted_auc_ci_low,adapted_auc_ci_high,chance_level,relative_improvement_supported,adapted_above_chance,recovery_status,fraction_interpretability_status,identity_residual,n_replicates,n_replicates_ratio_degenerate,n_replicates_ratio_valid,source_pair_dir,raw_value,adapted_value,recovery,interval_lower,interval_upper,chance_reference,recovery_support_status,relative_recovery,relative_recovery_interval_lower,relative_recovery_interval_upper,negative_recovery_flag
bejis_2022,evia_2021_extended,bejis_2022_to_evia_2021_extended,baseline,regionwise_zscore,roc_auc,0.7589523122760988,0.5304610270505659,0.5842327856949503,0.22849128522553297,0.05377175864438444,0.17471952658114853,0.23533395854160857,0.1379242184695612,0.3174676455893563,0.7646660414583915,0.6825323544106436,0.8620757815304388,0.03060906716145173,0.07535822286930448,0.5626402508723732,0.6055160420776279,0.5,True,True,supported_recovery_above_chance,interpretable,0.0,1000,0,1000,bejis_2022__evia_2021_extended,0.5304610270505659,0.5842327856949503,0.05377175864438444,0.03060906716145173,0.07535822286930448,0.5,supported_recovery_above_chance,0.23533395854160857,0.1379242184695612,0.3174676455893563,False
bejis_2022,evia_2021_extended,bejis_2022_to_evia_2021_extended,baseline,coral_after_regionwise_zscore,roc_auc,0.7589523122760988,0.5304610270505659,0.5985424016871861,0.22849128522553297,0.06808137463662023,0.16040991058891274,0.2979604870681187,0.20241338981441995,0.38081399857072984,0.7020395129318814,0.6191860014292702,0.7975866101855801,0.044151968614841414,0.09060884305465433,0.5781425895087429,0.6194897599294047,0.5,True,True,supported_recovery_above_chance,interpretable,0.0,1000,0,1000,bejis_2022__evia_2021_extended,0.5304610270505659,0.5985424016871861,0.06808137463662023,0.044151968614841414,0.09060884305465433,0.5,supported_recovery_above_chance,0.2979604870681187,0.20241338981441995,0.38081399857072984,False
bejis_2022,evia_2021_extended,bejis_2022_to_evia_2021_extended,baseline,regionwise_zscore,pr_auc,0.5159513545668625,0.2822618576116462,0.3280115979933249,0.2336894969552163,0.04574974038167873,0.18793975657353756,0.19577148728445465,0.12219347985758942,0.2619116524677832,0.8042285127155454,0.7380883475322169,0.8778065201424106,0.027841355689430126,0.06279323056757051,0.30322895254420135,0.35276463896058025,0.28651322865132284,True,True,supported_recovery_above_chance,interpretable,0.0,1000,0,1000,bejis_2022__evia_2021_extended,0.2822618576116462,0.3280115979933249,0.04574974038167873,0.027841355689430126,0.06279323056757051,0.28651322865132284,supported_recovery_above_chance,0.19577148728445465,0.12219347985758942,0.2619116524677832,False
bejis_2022,evia_2021_extended,bejis_2022_to_evia_2021_extended,baseline,coral_after_regionwise_zscore,pr_auc,0.5159513545668625,0.2822618576116462,0.3359096391753359,0.2336894969552163,0.05364778156368971,0.18004171539152658,0.22956864669861757,0.15902617028659452,0.3015675215691595,0.7704313533013825,0.6984324784308404,0.8409738297134055,0.03584148665574411,0.0715156691964701,0.31081972456991963,0.36145894989952043,0.28651322865132284,True,True,supported_recovery_above_chance,interpretable,0.0,1000,0,1000,bejis_2022__evia_2021_extended,0.2822618576116462,0.3359096391753359,0.05364778156368971,0.03584148665574411,0.0715156691964701,0.28651322865132284,supported_recovery_above_chance,0.22956864669861757,0.15902617028659452,0.3015675215691595,False
bejis_2022,evia_2021_extended,bejis_2022_to_evia_2021_extended,thermal,regionwise_zscore,roc_auc,0.9122372202621674,0.3828214331304473,0.5315998278954264,0.52941578713172,0.14877839476497906,0.380637392366741,0.28102372158381184,0.23437906723806629,0.32171446302306717,0.7189762784161883,0.6782855369769327,0.7656209327619339,0.12113734875853678,0.17361102541153078,0.5092765451292832,0.5508467833166735,0.5,True,True,supported_recovery_above_chance,interpretable,0.0,1000,0,1000,bejis_2022__evia_2021_extended,0.3828214331304473,0.5315998278954264,0.14877839476497906,0.12113734875853678,0.17361102541153078,0.5,supported_recovery_above_chance,0.28102372158381184,0.23437906723806629,0.32171446302306717,False
bejis_2022,evia_2021_extended,bejis_2022_to_evia_2021_extended,thermal,coral_after_regionwise_zscore,roc_auc,0.9122372202621674,0.3828214331304473,0.4990973789586994,0.52941578713172,0.11627594582825207,0.413139841303468,0.21963067338474046,0.17872124634532507,0.26020233816343435,0.7803693266152597,0.7397976618365656,0.8212787536546748,0.09229262728898113,0.1404449416046006,0.4789378316382308,0.5178399231307814,0.5,True,False,supported_relative_recovery_but_chance_not_excluded,interpretable,2.220446049250313e-16,1000,0,1000,bejis_2022__evia_2021_extended,0.3828214331304473,0.4990973789586994,0.11627594582825207,0.09229262728898113,0.1404449416046006,0.5,supported_relative_recovery_but_chance_not_excluded,0.21963067338474046,0.17872124634532507,0.26020233816343435,False
bejis_2022,evia_2021_extended,bejis_2022_to_evia_2021_extended,thermal,regionwise_zscore,pr_auc,0.8163670997686907,0.2257835213181088,0.2909285420233045,0.590583578450582,0.06514502070519568,0.5254385577453862,0.11030618371764767,0.08607754536997335,0.1344052471203947,0.8896938162823521,0.8655947528796052,0.9139224546300267,0.05115628522955206,0.08000283948459733,0.2699746024728818,0.3133874540278703,0.28651322865132284,True,False,supported_relative_recovery_but_chance_not_excluded,interpretable,2.220446049250313e-16,1000,0,1000,bejis_2022__evia_2021_extended,0.2257835213181088,0.2909285420233045,0.06514502070519568,0.05115628522955206,0.08000283948459733,0.28651322865132284,supported_relative_recovery_but_chance_not_excluded,0.11030618371764767,0.08607754536997335,0.1344052471203947,False
bejis_2022,evia_2021_extended,bejis_2022_to_evia_2021_extended,thermal,coral_after_regionwise_zscore,pr_auc,0.8163670997686907,0.2257835213181088,0.2748417434786117,0.590583578450582,0.04905822216050287,0.541525356290079,0.08306736582349436,0.06333040768542998,0.10468459591002059,0.9169326341765055,0.8953154040899794,0.9366695923145701,0.037309644777505716,0.06168612792216902,0.2558501076535456,0.29640353777717726,0.28651322865132284,True,False,supported_relative_recovery_but_chance_not_excluded,interpretable,1.1102230246251565e-16,1000,0,1000,bejis_2022__evia_2021_extended,0.2257835213181088,0.2748417434786117,0.04905822216050287,0.037309644777505716,0.06168612792216902,0.28651322865132284,supported_relative_recovery_but_chance_not_excluded,0.08306736582349436,0.06333040768542998,0.10468459591002059,False
bejis_2022,manavgat_2021,bejis_2022_to_manavgat_2021,baseline,regionwise_zscore,roc_auc,0.8027358197042693,0.4209078604067977,0.4414940597316637,0.38182795929747165,0.02058619932486605,0.3612417599726056,0.053914855692450504,0.008156961866350971,0.10080695544652218,0.9460851443075495,0.8991930445534778,0.991843038133649,0.0031125018475069463,0.040351840063532596,0.4070723591573225,0.4796967974989678,0.5,True,False,supported_relative_recovery_but_chance_not_excluded,interpretable,0.0,1000,0,1000,manavgat_2021__bejis_2022,0.4209078604067977,0.4414940597316637,0.02058619932486605,0.0031125018475069463,0.040351840063532596,0.5,supported_relative_recovery_but_chance_not_excluded,0.053914855692450504,0.008156961866350971,0.10080695544652218,False
bejis_2022,manavgat_2021,bejis_2022_to_manavgat_2021,baseline,coral_after_regionwise_zscore,roc_auc,0.8027358197042693,0.4209078604067977,0.4560562584896076,0.38182795929747165,0.03514839808280995,0.3466795612146617,0.09205297104874083,0.03159582701661852,0.15791770341359954,0.9079470289512591,0.8420822965864004,0.9684041729833816,0.011771133181051378,0.0612863324171714,0.4201339788070818,0.4910682146404256,0.5,True,False,supported_relative_recovery_but_chance_not_excluded,interpretable,0.0,1000,0,1000,manavgat_2021__bejis_2022,0.4209078604067977,0.4560562584896076,0.03514839808280995,0.011771133181051378,0.0612863324171714,0.5,supported_relative_recovery_but_chance_not_excluded,0.09205297104874083,0.03159582701661852,0.15791770341359954,False
bejis_2022,manavgat_2021,bejis_2022_to_manavgat_2021,baseline,regionwise_zscore,pr_auc,0.1188361147290672,0.0331903367351008,0.0343524328578081,0.0856457779939664,0.001162096122707297,0.0844836818712591,0.013568632919525406,-0.017556847934919594,0.04253416460851027,0.9864313670804745,0.9574658353914898,1.0175568479349197,-0.001515848702096719,0.003700821801557355,0.028982143044696027,0.04106122662688076,0.03822339232606894,False,False,recovery_effect_uncertain,interpretable,1.1102230246251565e-16,1000,0,1000,manavgat_2021__bejis_2022,0.0331903367351008,0.0343524328578081,0.001162096122707297,-0.001515848702096719,0.003700821801557355,0.03822339232606894,recovery_effect_uncertain,0.013568632919525406,-0.017556847934919594,0.04253416460851027,False
bejis_2022,manavgat_2021,bejis_2022_to_manavgat_2021,baseline,coral_after_regionwise_zscore,pr_auc,0.1188361147290672,0.0331903367351008,0.0349798677271478,0.0856457779939664,0.0017895309920469976,0.0838562470019194,0.020894561693082722,-0.024027956684872252,0.07765444530826335,0.9791054383069173,0.9223455546917367,1.0240279566848722,-0.0019629318909866,0.006515628713573687,0.029397370518406202,0.04274668577149583,0.03822339232606894,False,False,recovery_effect_uncertain,interpretable,0.0,1000,0,1000,manavgat_2021__bejis_2022,0.0331903367351008,0.0349798677271478,0.0017895309920469976,-0.0019629318909866,0.006515628713573687,0.03822339232606894,recovery_effect_uncertain,0.020894561693082722,-0.024027956684872252,0.07765444530826335,False
bejis_2022,manavgat_2021,bejis_2022_to_manavgat_2021,thermal,regionwise_zscore,roc_auc,0.8696419777927898,0.4435284296463047,0.4573382668320535,0.42611354814648517,0.013809837185748797,0.41230371096073637,0.03240881977543081,-0.03815921252361835,0.10190985783695132,0.9675911802245691,0.8980901421630486,1.0381592125236183,-0.015488174638835213,0.04442559183776901,0.4195795818925588,0.49681997087165924,0.5,False,False,recovery_effect_uncertain,interpretable,0.0,1000,0,1000,manavgat_2021__bejis_2022,0.4435284296463047,0.4573382668320535,0.013809837185748797,-0.015488174638835213,0.04442559183776901,0.5,recovery_effect_uncertain,0.03240881977543081,-0.03815921252361835,0.10190985783695132,False
bejis_2022,manavgat_2021,bejis_2022_to_manavgat_2021,thermal,coral_after_regionwise_zscore,roc_auc,0.8696419777927898,0.4435284296463047,0.5553095674321841,0.42611354814648517,0.11178113778587939,0.3143324103606058,0.26232711508964357,0.17704756806192684,0.33661225604772604,0.7376728849103564,0.6633877439522738,0.8229524319380731,0.07010798235402563,0.15115204979982524,0.5278017445727373,0.5828440794043487,0.5,True,True,supported_recovery_above_chance,interpretable,0.0,1000,0,1000,manavgat_2021__bejis_2022,0.4435284296463047,0.5553095674321841,0.11178113778587939,0.07010798235402563,0.15115204979982524,0.5,supported_recovery_above_chance,0.26232711508964357,0.17704756806192684,0.33661225604772604,False
bejis_2022,manavgat_2021,bejis_2022_to_manavgat_2021,thermal,regionwise_zscore,pr_auc,0.2156263996380977,0.034406342979776,0.0385131893896018,0.1812200566583217,0.004106846409825796,0.1771132102484959,0.022662206852572506,0.0011040486208473766,0.052719022041905386,0.9773377931474275,0.9472809779580947,0.9988959513791525,0.00020440058628307998,0.009334103765617397,0.03207863713788723,0.04681296913032082,0.03822339232606894,True,False,supported_relative_recovery_but_chance_not_excluded,interpretable,0.0,1000,0,1000,manavgat_2021__bejis_2022,0.034406342979776,0.0385131893896018,0.004106846409825796,0.00020440058628307998,0.009334103765617397,0.03822339232606894,supported_relative_recovery_but_chance_not_excluded,0.022662206852572506,0.0011040486208473766,0.052719022041905386,False
bejis_2022,manavgat_2021,bejis_2022_to_manavgat_2021,thermal,coral_after_regionwise_zscore,pr_auc,0.2156263996380977,0.034406342979776,0.0427097053649487,0.1812200566583217,0.008303362385172694,0.172916694273149,0.045819224087475754,0.012778622557434203,0.07355103782948859,0.9541807759125244,0.9264489621705113,0.9872213774425658,0.0022247893196437503,0.013508239315053202,0.036622032188114884,0.04980531343145186,0.03822339232606894,True,False,supported_relative_recovery_but_chance_not_excluded,interpretable,2.220446049250313e-16,1000,0,1000,manavgat_2021__bejis_2022,0.034406342979776,0.0427097053649487,0.008303362385172694,0.0022247893196437503,0.013508239315053202,0.03822339232606894,supported_relative_recovery_but_chance_not_excluded,0.045819224087475754,0.012778622557434203,0.07355103782948859,False
bejis_2022,mugla_2021,bejis_2022_to_mugla_2021,baseline,regionwise_zscore,roc_auc,0.7433200295403336,0.5922389997163681,0.5649705351959404,0.15108102982396554,-0.027268464520427638,0.17834949434439318,-0.1804890034983209,-0.3133514266013292,-0.0628942004402543,1.1804890034983209,1.0628942004402544,1.3133514266013293,-0.04551338378508227,-0.00957357307824532,0.5478618587706711,0.5812175006640783,0.5,False,True,negative_recovery,interpretable,0.0,1000,0,1000,bejis_2022__mugla_2021,0.5922389997163681,0.5649705351959404,-0.027268464520427638,-0.04551338378508227,-0.00957357307824532,0.5,negative_recovery,-0.1804890034983209,-0.3133514266013292,-0.0628942004402543,True
bejis_2022,mugla_2021,bejis_2022_to_mugla_2021,baseline,coral_after_regionwise_zscore,roc_auc,0.7433200295403336,0.5922389997163681,0.5701682656206,0.15108102982396554,-0.022070734095768096,0.17315176391973364,-0.14608540940900497,-0.2750026850431784,-0.037032773076885905,1.146085409409005,1.0370327730768858,1.2750026850431784,-0.0390344917815329,-0.005626792130164209,0.5533610367253833,0.5864502743013172,0.5,False,True,negative_recovery,interpretable,0.0,1000,0,1000,bejis_2022__mugla_2021,0.5922389997163681,0.5701682656206,-0.022070734095768096,-0.0390344917815329,-0.005626792130164209,0.5,negative_recovery,-0.14608540940900497,-0.2750026850431784,-0.037032773076885905,True
bejis_2022,mugla_2021,bejis_2022_to_mugla_2021,baseline,regionwise_zscore,pr_auc,0.2249450861168977,0.0936314654400828,0.0819456319784706,0.1313136206768149,-0.0116858334616122,0.1429994541384271,-0.08899178471647673,-0.15330084535782887,-0.034564040302487935,1.0889917847164767,1.0345640403024878,1.1533008453578286,-0.01963310650140617,-0.004397601289336876,0.07466463459587834,0.09003583260054931,0.06975796788880902,False,True,negative_recovery,interpretable,0.0,1000,0,1000,bejis_2022__mugla_2021,0.0936314654400828,0.0819456319784706,-0.0116858334616122,-0.01963310650140617,-0.004397601289336876,0.06975796788880902,negative_recovery,-0.08899178471647673,-0.15330084535782887,-0.034564040302487935,True
bejis_2022,mugla_2021,bejis_2022_to_mugla_2021,baseline,coral_after_regionwise_zscore,pr_auc,0.2249450861168977,0.0936314654400828,0.0835876596838193,0.1313136206768149,-0.0100438057562635,0.14135742643307841,-0.07648715879202668,-0.13413742554744745,-0.02547379692082263,1.0764871587920268,1.0254737969208225,1.1341374255474475,-0.017364543471531574,-0.003386577689747988,0.07599486018353271,0.09219397191954122,0.06975796788880902,False,True,negative_recovery,interpretable,2.220446049250313e-16,1000,0,1000,bejis_2022__mugla_2021,0.0936314654400828,0.0835876596838193,-0.0100438057562635,-0.017364543471531574,-0.003386577689747988,0.06975796788880902,negative_recovery,-0.07648715879202668,-0.13413742554744745,-0.02547379692082263,True
bejis_2022,mugla_2021,bejis_2022_to_mugla_2021,thermal,regionwise_zscore,roc_auc,0.8589830389802724,0.6184747489978262,0.5177332840752557,0.24050828998244622,-0.10074146492257052,0.34124975490501674,-0.4188689917088648,-0.510697662674139,-0.3370060319754332,1.4188689917088648,1.3370060319754333,1.510697662674139,-0.11836157935932051,-0.08324667950300661,0.5012550025897887,0.5352596621204385,0.5,False,True,negative_recovery,interpretable,0.0,1000,0,1000,bejis_2022__mugla_2021,0.6184747489978262,0.5177332840752557,-0.10074146492257052,-0.11836157935932051,-0.08324667950300661,0.5,negative_recovery,-0.4188689917088648,-0.510697662674139,-0.3370060319754332,True
bejis_2022,mugla_2021,bejis_2022_to_mugla_2021,thermal,coral_after_regionwise_zscore,roc_auc,0.8589830389802724,0.6184747489978262,0.5066377964680288,0.24050828998244622,-0.11183695252979742,0.35234524251224364,-0.46500248510336156,-0.5635212711062884,-0.3728601149559719,1.4650024851033616,1.3728601149559718,1.5635212711062882,-0.1306395364622591,-0.09269448092031152,0.4893203960731929,0.5241975570805645,0.5,False,False,negative_recovery,interpretable,0.0,1000,0,1000,bejis_2022__mugla_2021,0.6184747489978262,0.5066377964680288,-0.11183695252979742,-0.1306395364622591,-0.09269448092031152,0.5,negative_recovery,-0.46500248510336156,-0.5635212711062884,-0.3728601149559719,True
bejis_2022,mugla_2021,bejis_2022_to_mugla_2021,thermal,regionwise_zscore,pr_auc,0.4467473901441791,0.0925385912286984,0.0688239034545231,0.3542087989154807,-0.02371468777417529,0.377923486689656,-0.06695115380189626,-0.0844038976288765,-0.050922903026108725,1.0669511538018963,1.0509229030261087,1.0844038976288766,-0.029689515441706216,-0.01802637975116373,0.06352915499477547,0.07465714936827637,0.06975796788880902,False,False,negative_recovery,interpretable,0.0,1000,0,1000,bejis_2022__mugla_2021,0.0925385912286984,0.0688239034545231,-0.02371468777417529,-0.029689515441706216,-0.01802637975116373,0.06975796788880902,negative_recovery,-0.06695115380189626,-0.0844038976288765,-0.050922903026108725,True
bejis_2022,mugla_2021,bejis_2022_to_mugla_2021,thermal,coral_after_regionwise_zscore,pr_auc,0.4467473901441791,0.0925385912286984,0.0690723899914225,0.3542087989154807,-0.0234662012372759,0.37767500015275657,-0.06624962821117064,-0.08307489350979669,-0.05180816351642246,1.0662496282111706,1.0518081635164227,1.0830748935097967,-0.029345943051765345,-0.018091127440196687,0.06351290420530657,0.0749279641038294,0.06975796788880902,False,False,negative_recovery,interpretable,0.0,1000,0,1000,bejis_2022__mugla_2021,0.0925385912286984,0.0690723899914225,-0.0234662012372759,-0.029345943051765345,-0.018091127440196687,0.06975796788880902,negative_recovery,-0.06624962821117064,-0.08307489350979669,-0.05180816351642246,True
evia_2021_extended,bejis_2022,evia_2021_extended_to_bejis_2022,baseline,regionwise_zscore,roc_auc,0.8616776566230079,0.3917341441383315,0.48099683850571,0.46994351248467636,0.08926269436737849,0.38068081811729787,0.18994345489616504,0.13853084982655967,0.24781589575779572,0.810056545103835,0.7521841042422043,0.8614691501734404,0.06495036899279395,0.11753504277222893,0.4561244106101535,0.5082139470784642,0.5,True,False,supported_relative_recovery_but_chance_not_excluded,interpretable,0.0,1000,0,1000,bejis_2022__evia_2021_extended,0.3917341441383315,0.48099683850571,0.08926269436737849,0.06495036899279395,0.11753504277222893,0.5,supported_relative_recovery_but_chance_not_excluded,0.18994345489616504,0.13853084982655967,0.24781589575779572,False
evia_2021_extended,bejis_2022,evia_2021_extended_to_bejis_2022,baseline,coral_after_regionwise_zscore,roc_auc,0.8616776566230079,0.3917341441383315,0.4862510807148849,0.46994351248467636,0.09451693657655336,0.375426575908123,0.20112403739084558,0.1482064896064361,0.25743378854931076,0.7988759626091544,0.7425662114506892,0.8517935103935639,0.0693623130132255,0.12124527233264629,0.4602416359377028,0.5132165721221006,0.5,True,False,supported_relative_recovery_but_chance_not_excluded,interpretable,0.0,1000,0,1000,bejis_2022__evia_2021_extended,0.3917341441383315,0.4862510807148849,0.09451693657655336,0.0693623130132255,0.12124527233264629,0.5,supported_relative_recovery_but_chance_not_excluded,0.20112403739084558,0.1482064896064361,0.25743378854931076,False
evia_2021_extended,bejis_2022,evia_2021_extended_to_bejis_2022,baseline,regionwise_zscore,pr_auc,0.3027735748414686,0.0539760900118061,0.0692113409305138,0.24879748482966252,0.015235250918707699,0.23356223391095482,0.06123555038805319,0.04040289568402136,0.09431758195533463,0.9387644496119468,0.9056824180446653,0.9595971043159787,0.010318379013479765,0.022827198479523927,0.06038254860999912,0.08078432399448801,0.07241606319947334,True,False,supported_relative_recovery_but_chance_not_excluded,interpretable,0.0,1000,0,1000,bejis_2022__evia_2021_extended,0.0539760900118061,0.0692113409305138,0.015235250918707699,0.010318379013479765,0.022827198479523927,0.07241606319947334,supported_relative_recovery_but_chance_not_excluded,0.06123555038805319,0.04040289568402136,0.09431758195533463,False
evia_2021_extended,bejis_2022,evia_2021_extended_to_bejis_2022,baseline,coral_after_regionwise_zscore,pr_auc,0.3027735748414686,0.0539760900118061,0.070481275873518,0.24879748482966252,0.016505185861711902,0.23229229896795062,0.06633984211300233,0.04403727794004712,0.1036020678791933,0.9336601578869976,0.8963979321208068,0.9559627220599529,0.011580383516747807,0.024417192706596938,0.06144552334525187,0.08197908810143405,0.07241606319947334,True,False,supported_relative_recovery_but_chance_not_excluded,interpretable,0.0,1000,0,1000,bejis_2022__evia_2021_extended,0.0539760900118061,0.070481275873518,0.016505185861711902,0.011580383516747807,0.024417192706596938,0.07241606319947334,supported_relative_recovery_but_chance_not_excluded,0.06633984211300233,0.04403727794004712,0.1036020678791933,False
evia_2021_extended,bejis_2022,evia_2021_extended_to_bejis_2022,thermal,regionwise_zscore,roc_auc,0.9178110845861024,0.4480079359958707,0.5494716433318279,0.4698031485902317,0.10146370733595717,0.36833944125427454,0.21597068397780175,0.1639790418486948,0.27145872588127257,0.7840293160221983,0.7285412741187274,0.8360209581513052,0.07509742499337103,0.1292962599405698,0.5239327513919875,0.5752930612358387,0.5,True,True,supported_recovery_above_chance,interpretable,0.0,1000,0,1000,bejis_2022__evia_2021_extended,0.4480079359958707,0.5494716433318279,0.10146370733595717,0.07509742499337103,0.1292962599405698,0.5,supported_recovery_above_chance,0.21597068397780175,0.1639790418486948,0.27145872588127257,False
evia_2021_extended,bejis_2022,evia_2021_extended_to_bejis_2022,thermal,coral_after_regionwise_zscore,roc_auc,0.9178110845861024,0.4480079359958707,0.5489253500225821,0.4698031485902317,0.10091741402671145,0.36888573456352025,0.2148078707636183,0.1662720193405983,0.2665303678060334,0.7851921292363817,0.7334696321939665,0.8337279806594017,0.07627470083563395,0.1274334175132224,0.525074567158925,0.5734955434916881,0.5,True,True,supported_recovery_above_chance,interpretable,0.0,1000,0,1000,bejis_2022__evia_2021_extended,0.4480079359958707,0.5489253500225821,0.10091741402671145,0.07627470083563395,0.1274334175132224,0.5,supported_recovery_above_chance,0.2148078707636183,0.1662720193405983,0.2665303678060334,False
evia_2021_extended,bejis_2022,evia_2021_extended_to_bejis_2022,thermal,regionwise_zscore,pr_auc,0.4978078062944499,0.0591842483213908,0.0765526215444452,0.4386235579730591,0.0173683732230544,0.4212551847500047,0.03959744730382492,0.028179664225868407,0.05554167984646409,0.960402552696175,0.9444583201535359,0.9718203357741316,0.012601498985072929,0.0236719833806274,0.06740686004261968,0.08726406217839498,0.07241606319947334,True,False,supported_relative_recovery_but_chance_not_excluded,interpretable,0.0,1000,0,1000,bejis_2022__evia_2021_extended,0.0591842483213908,0.0765526215444452,0.0173683732230544,0.012601498985072929,0.0236719833806274,0.07241606319947334,supported_relative_recovery_but_chance_not_excluded,0.03959744730382492,0.028179664225868407,0.05554167984646409,False
evia_2021_extended,bejis_2022,evia_2021_extended_to_bejis_2022,thermal,coral_after_regionwise_zscore,pr_auc,0.4978078062944499,0.0591842483213908,0.0745688917143,0.4386235579730591,0.015384643392909209,0.42323891458014984,0.035074822392130056,0.024839349609994846,0.049485341950434164,0.9649251776078699,0.9505146580495659,0.9751606503900051,0.011069730114239966,0.02111501474256028,0.06614137264545077,0.08443458702133318,0.07241606319947334,True,False,supported_relative_recovery_but_chance_not_excluded,interpretable,0.0,1000,0,1000,bejis_2022__evia_2021_extended,0.0591842483213908,0.0745688917143,0.015384643392909209,0.011069730114239966,0.02111501474256028,0.07241606319947334,supported_relative_recovery_but_chance_not_excluded,0.035074822392130056,0.024839349609994846,0.049485341950434164,False
evia_2021_extended,manavgat_2021,evia_2021_extended_to_manavgat_2021,baseline,regionwise_zscore,roc_auc,0.8027358197042693,0.6757598037187198,0.5749988296885136,0.12697601598554953,-0.10076097403020623,0.22773699001575576,-0.7935433573665858,-1.3183539750394975,-0.45508059030733894,1.7935433573665858,1.455080590307339,2.3183539750394973,-0.1335716215533454,-0.06640314288388029,0.5481204644119825,0.6004423919417186,0.5,False,True,negative_recovery,interpretable,0.0,1000,0,1000,manavgat_2021__evia_2021_extended,0.6757598037187198,0.5749988296885136,-0.10076097403020623,-0.1335716215533454,-0.06640314288388029,0.5,negative_recovery,-0.7935433573665858,-1.3183539750394975,-0.45508059030733894,True
evia_2021_extended,manavgat_2021,evia_2021_extended_to_manavgat_2021,baseline,coral_after_regionwise_zscore,roc_auc,0.8027358197042693,0.6757598037187198,0.5719880902378693,0.12697601598554953,-0.10377171348085046,0.2307477294664,-0.8172544450651229,-1.3531016226920949,-0.4712439090535021,1.817254445065123,1.471243909053502,2.353101622692095,-0.1390406902960166,-0.069691747738636,0.5443183463077348,0.599536055628999,0.5,False,True,negative_recovery,interpretable,0.0,1000,0,1000,manavgat_2021__evia_2021_extended,0.6757598037187198,0.5719880902378693,-0.10377171348085046,-0.1390406902960166,-0.069691747738636,0.5,negative_recovery,-0.8172544450651229,-1.3531016226920949,-0.4712439090535021,True
evia_2021_extended,manavgat_2021,evia_2021_extended_to_manavgat_2021,baseline,regionwise_zscore,pr_auc,0.1188361147290672,0.0767791128316813,0.0433722038178807,0.0420570018973859,-0.033406909013800605,0.07546391091118651,-0.794324547796096,-1.476923536571637,-0.46225068291871535,1.794324547796096,1.4622506829187152,2.4769235365716367,-0.046897641330047854,-0.023117676761991265,0.03681338231533237,0.0501979399504564,0.03822339232606894,False,False,negative_recovery,interpretable,0.0,1000,0,1000,manavgat_2021__evia_2021_extended,0.0767791128316813,0.0433722038178807,-0.033406909013800605,-0.046897641330047854,-0.023117676761991265,0.03822339232606894,negative_recovery,-0.794324547796096,-1.476923536571637,-0.46225068291871535,True
evia_2021_extended,manavgat_2021,evia_2021_extended_to_manavgat_2021,baseline,coral_after_regionwise_zscore,pr_auc,0.1188361147290672,0.0767791128316813,0.0439476266320354,0.0420570018973859,-0.032831486199645904,0.0748884880970318,-0.7806425736135648,-1.4095898961689561,-0.4535826220365763,1.7806425736135647,1.4535826220365762,2.409589896168956,-0.045779033337089534,-0.02292916501303136,0.03743245368038629,0.051197275894239766,0.03822339232606894,False,False,negative_recovery,interpretable,1.1102230246251565e-16,1000,0,1000,manavgat_2021__evia_2021_extended,0.0767791128316813,0.0439476266320354,-0.032831486199645904,-0.045779033337089534,-0.02292916501303136,0.03822339232606894,negative_recovery,-0.7806425736135648,-1.4095898961689561,-0.4535826220365763,True
evia_2021_extended,manavgat_2021,evia_2021_extended_to_manavgat_2021,thermal,regionwise_zscore,roc_auc,0.8696419777927898,0.6857777670301659,0.5163020833872151,0.18386421076262394,-0.16947568364295085,0.3533398944055748,-0.9217437310937622,-1.2683621725087337,-0.6445389191471305,1.9217437310937622,1.6445389191471305,2.2683621725087333,-0.2062715786050706,-0.13150057275621072,0.4889308094010603,0.5436458184872212,0.5,False,False,negative_recovery,interpretable,0.0,1000,0,1000,manavgat_2021__evia_2021_extended,0.6857777670301659,0.5163020833872151,-0.16947568364295085,-0.2062715786050706,-0.13150057275621072,0.5,negative_recovery,-0.9217437310937622,-1.2683621725087337,-0.6445389191471305,True
evia_2021_extended,manavgat_2021,evia_2021_extended_to_manavgat_2021,thermal,coral_after_regionwise_zscore,roc_auc,0.8696419777927898,0.6857777670301659,0.5273082809947622,0.18386421076262394,-0.15846948603540367,0.3423336967980276,-0.8618832636221637,-1.1786986198338154,-0.5964997641049946,1.8618832636221636,1.5964997641049945,2.178698619833815,-0.19210862040782695,-0.12265121968872642,0.49987761684651044,0.552824569666375,0.5,False,False,negative_recovery,interpretable,1.1102230246251565e-16,1000,0,1000,manavgat_2021__evia_2021_extended,0.6857777670301659,0.5273082809947622,-0.15846948603540367,-0.19210862040782695,-0.12265121968872642,0.5,negative_recovery,-0.8618832636221637,-1.1786986198338154,-0.5964997641049946,True
evia_2021_extended,manavgat_2021,evia_2021_extended_to_manavgat_2021,thermal,regionwise_zscore,pr_auc,0.2156263996380977,0.0937917104825443,0.0361148483525623,0.12183468915555341,-0.057676862129982,0.17951155128553542,-0.4734026288386767,-0.6858160525483248,-0.3367723879076607,1.4734026288386768,1.3367723879076605,1.685816052548325,-0.07830837506941993,-0.042593566150623034,0.031142451776118754,0.041582873106973214,0.03822339232606894,False,False,negative_recovery,interpretable,0.0,1000,0,1000,manavgat_2021__evia_2021_extended,0.0937917104825443,0.0361148483525623,-0.057676862129982,-0.07830837506941993,-0.042593566150623034,0.03822339232606894,negative_recovery,-0.4734026288386767,-0.6858160525483248,-0.3367723879076607,True
evia_2021_extended,manavgat_2021,evia_2021_extended_to_manavgat_2021,thermal,coral_after_regionwise_zscore,pr_auc,0.2156263996380977,0.0937917104825443,0.0371490175437376,0.12183468915555341,-0.056642692938806694,0.1784773820943601,-0.4649143304866784,-0.6775057350023582,-0.3312925613649851,1.4649143304866783,1.331292561364985,1.6775057350023581,-0.07671194905150351,-0.04221845608483624,0.0320495648671702,0.04285959972103297,0.03822339232606894,False,False,negative_recovery,interpretable,1.1102230246251565e-16,1000,0,1000,manavgat_2021__evia_2021_extended,0.0937917104825443,0.0371490175437376,-0.056642692938806694,-0.07671194905150351,-0.04221845608483624,0.03822339232606894,negative_recovery,-0.4649143304866784,-0.6775057350023582,-0.3312925613649851,True
evia_2021_extended,mugla_2021,evia_2021_extended_to_mugla_2021,baseline,regionwise_zscore,roc_auc,0.7433200295403336,0.5125008330596732,0.4902003067925041,0.2308191964806604,-0.022300526267169107,0.2531197227478295,-0.09661469499586268,-0.19632453835198216,-0.008192431407475474,1.0966146949958626,1.0081924314074755,1.196324538351982,-0.04196874693384728,-0.0020094026592693205,0.47171621760745563,0.5062106062434975,0.5,False,False,negative_recovery,interpretable,1.1102230246251565e-16,1000,0,1000,mugla_2021__evia_2021_extended,0.5125008330596732,0.4902003067925041,-0.022300526267169107,-0.04196874693384728,-0.0020094026592693205,0.5,negative_recovery,-0.09661469499586268,-0.19632453835198216,-0.008192431407475474,True
evia_2021_extended,mugla_2021,evia_2021_extended_to_mugla_2021,baseline,coral_after_regionwise_zscore,roc_auc,0.7433200295403336,0.5125008330596732,0.4976908926540477,0.2308191964806604,-0.014809940405625499,0.2456291368862859,-0.06416251607940407,-0.15834704245701015,0.01765797544977476,1.0641625160794042,0.9823420245502252,1.1583470424570101,-0.034258496120623885,0.004350566081774235,0.4800665317584893,0.5138536914379345,0.5,False,False,negative_recovery,interpretable,0.0,1000,0,1000,mugla_2021__evia_2021_extended,0.5125008330596732,0.4976908926540477,-0.014809940405625499,-0.034258496120623885,0.004350566081774235,0.5,negative_recovery,-0.06416251607940407,-0.15834704245701015,0.01765797544977476,True
evia_2021_extended,mugla_2021,evia_2021_extended_to_mugla_2021,baseline,regionwise_zscore,pr_auc,0.2249450861168977,0.0816148991849096,0.0673573201525682,0.1433301869319881,-0.0142575790323414,0.1575877659643295,-0.0994736652308058,-0.1602374671946631,-0.050838504559961646,1.0994736652308057,1.0508385045599615,1.1602374671946631,-0.020965872218999797,-0.007491955107038832,0.061469181151865,0.07338675540524184,0.06975796788880902,False,False,negative_recovery,interpretable,1.1102230246251565e-16,1000,0,1000,mugla_2021__evia_2021_extended,0.0816148991849096,0.0673573201525682,-0.0142575790323414,-0.020965872218999797,-0.007491955107038832,0.06975796788880902,negative_recovery,-0.0994736652308058,-0.1602374671946631,-0.050838504559961646,True
evia_2021_extended,mugla_2021,evia_2021_extended_to_mugla_2021,baseline,coral_after_regionwise_zscore,pr_auc,0.2249450861168977,0.0816148991849096,0.069409639286389,0.1433301869319881,-0.012205259898520601,0.15553544683050868,-0.08515484532446849,-0.14406683130310902,-0.03953053822806728,1.0851548453244684,1.0395305382280673,1.144066831303109,-0.018871811352660455,-0.00583785448489991,0.06353241781331655,0.07542794087399385,0.06975796788880902,False,False,negative_recovery,interpretable,1.1102230246251565e-16,1000,0,1000,mugla_2021__evia_2021_extended,0.0816148991849096,0.069409639286389,-0.012205259898520601,-0.018871811352660455,-0.00583785448489991,0.06975796788880902,negative_recovery,-0.08515484532446849,-0.14406683130310902,-0.03953053822806728,True
evia_2021_extended,mugla_2021,evia_2021_extended_to_mugla_2021,thermal,regionwise_zscore,roc_auc,0.8589830389802724,0.576836486299561,0.5013427713990719,0.2821465526807114,-0.07549371490048906,0.3576402675812005,-0.2675691557568695,-0.3276326472073112,-0.20692297619059155,1.2675691557568696,1.2069229761905915,1.3276326472073112,-0.08970748566597284,-0.05990413353132378,0.48529203907811,0.5178266905607353,0.5,False,False,negative_recovery,interpretable,0.0,1000,0,1000,mugla_2021__evia_2021_extended,0.576836486299561,0.5013427713990719,-0.07549371490048906,-0.08970748566597284,-0.05990413353132378,0.5,negative_recovery,-0.2675691557568695,-0.3276326472073112,-0.20692297619059155,True
evia_2021_extended,mugla_2021,evia_2021_extended_to_mugla_2021,thermal,coral_after_regionwise_zscore,roc_auc,0.8589830389802724,0.576836486299561,0.5302390241229922,0.2821465526807114,-0.046597462176568794,0.3287440148572802,-0.1651533989476043,-0.22221817307081668,-0.1094988676637642,1.1651533989476044,1.1094988676637643,1.2222181730708166,-0.060975556402040255,-0.032443796447372726,0.514515120199803,0.5463484994608052,0.5,False,True,negative_recovery,interpretable,0.0,1000,0,1000,mugla_2021__evia_2021_extended,0.576836486299561,0.5302390241229922,-0.046597462176568794,-0.060975556402040255,-0.032443796447372726,0.5,negative_recovery,-0.1651533989476043,-0.22221817307081668,-0.1094988676637642,True
evia_2021_extended,mugla_2021,evia_2021_extended_to_mugla_2021,thermal,regionwise_zscore,pr_auc,0.4467473901441791,0.0856193943900276,0.0664215647014893,0.3611279957541515,-0.019197829688538295,0.3803258254426898,-0.053160735014318256,-0.06834605606983427,-0.03842103438642374,1.0531607350143182,1.038421034386424,1.0683460560698341,-0.02418030502211951,-0.013888062610146572,0.061116173022769116,0.07212028308524354,0.06975796788880902,False,False,negative_recovery,interpretable,1.1102230246251565e-16,1000,0,1000,mugla_2021__evia_2021_extended,0.0856193943900276,0.0664215647014893,-0.019197829688538295,-0.02418030502211951,-0.013888062610146572,0.06975796788880902,negative_recovery,-0.053160735014318256,-0.06834605606983427,-0.03842103438642374,True
evia_2021_extended,mugla_2021,evia_2021_extended_to_mugla_2021,thermal,coral_after_regionwise_zscore,pr_auc,0.4467473901441791,0.0856193943900276,0.0717027194431094,0.3611279957541515,-0.0139166749469182,0.37504467070106967,-0.03853668259049178,-0.05437171198260413,-0.02437810545121068,1.0385366825904918,1.0243781054512104,1.054371711982604,-0.01904160240219119,-0.008748756517730393,0.06594484613956664,0.07770733807594371,0.06975796788880902,False,False,negative_recovery,interpretable,0.0,1000,0,1000,mugla_2021__evia_2021_extended,0.0856193943900276,0.0717027194431094,-0.0139166749469182,-0.01904160240219119,-0.008748756517730393,0.06975796788880902,negative_recovery,-0.03853668259049178,-0.05437171198260413,-0.02437810545121068,True
manavgat_2021,bejis_2022,manavgat_2021_to_bejis_2022,baseline,regionwise_zscore,roc_auc,0.8616776566230079,0.3321873346667527,0.4081059423188592,0.5294903219562552,0.0759186076521065,0.45357171430414867,0.1433805388011958,0.11388350685310392,0.17218899482043043,0.856619461198804,0.8278110051795695,0.8861164931468961,0.06045684071303735,0.09147152156723329,0.38374089691761054,0.43323062806659585,0.5,True,False,supported_relative_recovery_but_chance_not_excluded,interpretable,1.1102230246251565e-16,1000,0,1000,manavgat_2021__bejis_2022,0.3321873346667527,0.4081059423188592,0.0759186076521065,0.06045684071303735,0.09147152156723329,0.5,supported_relative_recovery_but_chance_not_excluded,0.1433805388011958,0.11388350685310392,0.17218899482043043,False
manavgat_2021,bejis_2022,manavgat_2021_to_bejis_2022,baseline,coral_after_regionwise_zscore,roc_auc,0.8616776566230079,0.3321873346667527,0.4198956384282857,0.5294903219562552,0.08770830376153299,0.4417820181947222,0.16564666080672796,0.1364801411240792,0.19161588333930124,0.8343533391932719,0.8083841166606988,0.8635198588759209,0.07139544858856467,0.10254688923279902,0.3965886645487772,0.4426968213825941,0.5,True,False,supported_relative_recovery_but_chance_not_excluded,interpretable,1.1102230246251565e-16,1000,0,1000,manavgat_2021__bejis_2022,0.3321873346667527,0.4198956384282857,0.08770830376153299,0.07139544858856467,0.10254688923279902,0.5,supported_relative_recovery_but_chance_not_excluded,0.16564666080672796,0.1364801411240792,0.19161588333930124,False
manavgat_2021,bejis_2022,manavgat_2021_to_bejis_2022,baseline,regionwise_zscore,pr_auc,0.3027735748414686,0.0492849230291798,0.0570647227405756,0.2534886518122888,0.0077797997113958,0.245708852100893,0.03069091912310469,0.02171529873046345,0.04382988448904825,0.9693090808768953,0.9561701155109517,0.9782847012695366,0.0056527375860306725,0.010930080372075593,0.05061378700223412,0.06523885538858767,0.07241606319947334,True,False,supported_relative_recovery_but_chance_not_excluded,interpretable,0.0,1000,0,1000,manavgat_2021__bejis_2022,0.0492849230291798,0.0570647227405756,0.0077797997113958,0.0056527375860306725,0.010930080372075593,0.07241606319947334,supported_relative_recovery_but_chance_not_excluded,0.03069091912310469,0.02171529873046345,0.04382988448904825,False
manavgat_2021,bejis_2022,manavgat_2021_to_bejis_2022,baseline,coral_after_regionwise_zscore,pr_auc,0.3027735748414686,0.0492849230291798,0.0574490602641839,0.2534886518122888,0.008164137235004101,0.2453245145772847,0.0322071113504905,0.024308356497912367,0.04214613507852308,0.9677928886495095,0.9578538649214768,0.9756916435020877,0.00630399482090975,0.010471695931605763,0.050802043748571134,0.06546626096548659,0.07241606319947334,True,False,supported_relative_recovery_but_chance_not_excluded,interpretable,0.0,1000,0,1000,manavgat_2021__bejis_2022,0.0492849230291798,0.0574490602641839,0.008164137235004101,0.00630399482090975,0.010471695931605763,0.07241606319947334,supported_relative_recovery_but_chance_not_excluded,0.0322071113504905,0.024308356497912367,0.04214613507852308,False
manavgat_2021,bejis_2022,manavgat_2021_to_bejis_2022,thermal,regionwise_zscore,roc_auc,0.9178110845861024,0.3258336344280276,0.4770999741918833,0.5919774501580748,0.15126633976385573,0.44071111039421906,0.2555271990908831,0.21922725376467944,0.2873618646114547,0.7444728009091168,0.7126381353885454,0.7807727462353206,0.12953192366733193,0.1712249593999499,0.4506650532294769,0.5018363136676169,0.5,True,False,supported_relative_recovery_but_chance_not_excluded,interpretable,0.0,1000,0,1000,manavgat_2021__bejis_2022,0.3258336344280276,0.4770999741918833,0.15126633976385573,0.12953192366733193,0.1712249593999499,0.5,supported_relative_recovery_but_chance_not_excluded,0.2555271990908831,0.21922725376467944,0.2873618646114547,False
manavgat_2021,bejis_2022,manavgat_2021_to_bejis_2022,thermal,coral_after_regionwise_zscore,roc_auc,0.9178110845861024,0.3258336344280276,0.5105400025808117,0.5919774501580748,0.18470636815278407,0.4072710820052907,0.31201588523931484,0.276081217637665,0.3442190065452141,0.6879841147606852,0.6557809934547859,0.723918782362335,0.16106034418070078,0.20530058099680693,0.48395276465032017,0.5342108088326657,0.5,True,False,supported_relative_recovery_but_chance_not_excluded,interpretable,0.0,1000,0,1000,manavgat_2021__bejis_2022,0.3258336344280276,0.5105400025808117,0.18470636815278407,0.16106034418070078,0.20530058099680693,0.5,supported_relative_recovery_but_chance_not_excluded,0.31201588523931484,0.276081217637665,0.3442190065452141,False
manavgat_2021,bejis_2022,manavgat_2021_to_bejis_2022,thermal,regionwise_zscore,pr_auc,0.4978078062944499,0.0487581216869248,0.0666674192031275,0.4490496846075251,0.017909297516202703,0.43114038709132235,0.0398826636118354,0.030000546845453367,0.05183120960935483,0.9601173363881645,0.9481687903906453,0.9699994531545466,0.013619826485677238,0.023116139604260417,0.05843519870884246,0.07613532017820462,0.07241606319947334,True,False,supported_relative_recovery_but_chance_not_excluded,interpretable,0.0,1000,0,1000,manavgat_2021__bejis_2022,0.0487581216869248,0.0666674192031275,0.017909297516202703,0.013619826485677238,0.023116139604260417,0.07241606319947334,supported_relative_recovery_but_chance_not_excluded,0.0398826636118354,0.030000546845453367,0.05183120960935483,False
manavgat_2021,bejis_2022,manavgat_2021_to_bejis_2022,thermal,coral_after_regionwise_zscore,pr_auc,0.4978078062944499,0.0487581216869248,0.0695807189177977,0.4490496846075251,0.020822597230872895,0.42822708737665216,0.04637036378072974,0.03722929478987029,0.05837095841552569,0.9536296362192702,0.9416290415844742,0.9627707052101298,0.016612962098049674,0.025963011893301472,0.06121738084311041,0.0790826121143335,0.07241606319947334,True,False,supported_relative_recovery_but_chance_not_excluded,interpretable,0.0,1000,0,1000,manavgat_2021__bejis_2022,0.0487581216869248,0.0695807189177977,0.020822597230872895,0.016612962098049674,0.025963011893301472,0.07241606319947334,supported_relative_recovery_but_chance_not_excluded,0.04637036378072974,0.03722929478987029,0.05837095841552569,False
manavgat_2021,evia_2021_extended,manavgat_2021_to_evia_2021_extended,baseline,regionwise_zscore,roc_auc,0.7589523122760988,0.5938705229951085,0.5309580570923652,0.16508178928099038,-0.06291246590274324,0.22799425518373362,-0.38109876429591005,-0.623635006903631,-0.1597379110210852,1.38109876429591,1.1597379110210853,1.623635006903631,-0.09535428866702433,-0.02793206565755289,0.508960538064011,0.5550535179237919,0.5,False,True,negative_recovery,interpretable,0.0,1000,0,1000,manavgat_2021__evia_2021_extended,0.5938705229951085,0.5309580570923652,-0.06291246590274324,-0.09535428866702433,-0.02793206565755289,0.5,negative_recovery,-0.38109876429591005,-0.623635006903631,-0.1597379110210852,True
manavgat_2021,evia_2021_extended,manavgat_2021_to_evia_2021_extended,baseline,coral_after_regionwise_zscore,roc_auc,0.7589523122760988,0.5938705229951085,0.5474027973556916,0.16508178928099038,-0.04646772563941681,0.2115495149204072,-0.28148305056424355,-0.5152657332795656,-0.0764582994127512,1.2814830505642436,1.0764582994127512,1.5152657332795656,-0.07965182381360793,-0.0134203488775866,0.52509649495089,0.5709134398431639,0.5,False,True,negative_recovery,interpretable,0.0,1000,0,1000,manavgat_2021__evia_2021_extended,0.5938705229951085,0.5474027973556916,-0.04646772563941681,-0.07965182381360793,-0.0134203488775866,0.5,negative_recovery,-0.28148305056424355,-0.5152657332795656,-0.0764582994127512,True
manavgat_2021,evia_2021_extended,manavgat_2021_to_evia_2021_extended,baseline,regionwise_zscore,pr_auc,0.5159513545668625,0.3528525870102404,0.3075900669093374,0.16309876755662206,-0.045262520100903036,0.2083612876575251,-0.27751601547319793,-0.479212395224611,-0.09360113951569375,1.277516015473198,1.0936011395156937,1.4792123952246108,-0.07181541431427023,-0.016341823103710632,0.2845138285142154,0.3325772388295104,0.28651322865132284,False,False,negative_recovery,interpretable,0.0,1000,0,1000,manavgat_2021__evia_2021_extended,0.3528525870102404,0.3075900669093374,-0.045262520100903036,-0.07181541431427023,-0.016341823103710632,0.28651322865132284,negative_recovery,-0.27751601547319793,-0.479212395224611,-0.09360113951569375,True
manavgat_2021,evia_2021_extended,manavgat_2021_to_evia_2021_extended,baseline,coral_after_regionwise_zscore,pr_auc,0.5159513545668625,0.3528525870102404,0.3300255751122564,0.16309876755662206,-0.02282701189798403,0.1859257794546061,-0.13995821206962406,-0.3411765912850126,0.040935235214797555,1.139958212069624,0.9590647647852024,1.3411765912850124,-0.050507558526089735,0.007032245820694878,0.3049703960684559,0.35769796368570544,0.28651322865132284,False,True,negative_recovery,interpretable,0.0,1000,0,1000,manavgat_2021__evia_2021_extended,0.3528525870102404,0.3300255751122564,-0.02282701189798403,-0.050507558526089735,0.007032245820694878,0.28651322865132284,negative_recovery,-0.13995821206962406,-0.3411765912850126,0.040935235214797555,True
manavgat_2021,evia_2021_extended,manavgat_2021_to_evia_2021_extended,thermal,regionwise_zscore,roc_auc,0.9122372202621674,0.6125620551965896,0.5422100386488388,0.2996751650655778,-0.0703520165477508,0.3700271816133286,-0.23476091698274598,-0.3231607099591074,-0.14120735116449196,1.234760916982746,1.1412073511644918,1.3231607099591074,-0.093565115431925,-0.043749413634661394,0.5198656109154567,0.5645670415104483,0.5,False,True,negative_recovery,interpretable,0.0,1000,0,1000,manavgat_2021__evia_2021_extended,0.6125620551965896,0.5422100386488388,-0.0703520165477508,-0.093565115431925,-0.043749413634661394,0.5,negative_recovery,-0.23476091698274598,-0.3231607099591074,-0.14120735116449196,True
manavgat_2021,evia_2021_extended,manavgat_2021_to_evia_2021_extended,thermal,coral_after_regionwise_zscore,roc_auc,0.9122372202621674,0.6125620551965896,0.539335536923719,0.2996751650655778,-0.07322651827287052,0.3729016833384483,-0.24435297551883017,-0.33368808456225146,-0.15445151703951454,1.2443529755188303,1.1544515170395147,1.3336880845622514,-0.09685915064267031,-0.047993471093476445,0.5177010989733599,0.5609611055337709,0.5,False,True,negative_recovery,interpretable,0.0,1000,0,1000,manavgat_2021__evia_2021_extended,0.6125620551965896,0.539335536923719,-0.07322651827287052,-0.09685915064267031,-0.047993471093476445,0.5,negative_recovery,-0.24435297551883017,-0.33368808456225146,-0.15445151703951454,True
manavgat_2021,evia_2021_extended,manavgat_2021_to_evia_2021_extended,thermal,regionwise_zscore,pr_auc,0.8163670997686907,0.3426989575695243,0.3124834949186598,0.4736681421991664,-0.0302154626508645,0.5038836048500309,-0.0637903628278205,-0.1098946334188033,-0.013393976659369946,1.0637903628278205,1.0133939766593698,1.1098946334188033,-0.050922121928668414,-0.006327420245947022,0.28801663205571326,0.33816872840281986,0.28651322865132284,False,True,negative_recovery,interpretable,0.0,1000,0,1000,manavgat_2021__evia_2021_extended,0.3426989575695243,0.3124834949186598,-0.0302154626508645,-0.050922121928668414,-0.006327420245947022,0.28651322865132284,negative_recovery,-0.0637903628278205,-0.1098946334188033,-0.013393976659369946,True
manavgat_2021,evia_2021_extended,manavgat_2021_to_evia_2021_extended,thermal,coral_after_regionwise_zscore,pr_auc,0.8163670997686907,0.3426989575695243,0.3239938001758473,0.4736681421991664,-0.018705157393677008,0.4923732995928434,-0.03949000518977678,-0.0869521319547385,0.01153295769633942,1.0394900051897769,0.9884670423036606,1.0869521319547384,-0.04036328711460799,0.00558945689071251,0.29912861083658965,0.3515347395806732,0.28651322865132284,False,True,negative_recovery,interpretable,0.0,1000,0,1000,manavgat_2021__evia_2021_extended,0.3426989575695243,0.3239938001758473,-0.018705157393677008,-0.04036328711460799,0.00558945689071251,0.28651322865132284,negative_recovery,-0.03949000518977678,-0.0869521319547385,0.01153295769633942,True
manavgat_2021,mugla_2021,manavgat_2021_to_mugla_2021,baseline,regionwise_zscore,roc_auc,0.7433200295403336,0.5079294316533509,0.4714366569919505,0.2353905978869827,-0.03649277466140044,0.27188337254838313,-0.15503072335506618,-0.23100866057366595,-0.08663727769684491,1.1550307233550663,1.086637277696845,1.2310086605736659,-0.053458278994658825,-0.020994769448136694,0.45347881789144895,0.4892235293169706,0.5,False,False,negative_recovery,interpretable,0.0,1000,0,1000,manavgat_2021__mugla_2021,0.5079294316533509,0.4714366569919505,-0.03649277466140044,-0.053458278994658825,-0.020994769448136694,0.5,negative_recovery,-0.15503072335506618,-0.23100866057366595,-0.08663727769684491,True
manavgat_2021,mugla_2021,manavgat_2021_to_mugla_2021,baseline,coral_after_regionwise_zscore,roc_auc,0.7433200295403336,0.5079294316533509,0.4856767761741509,0.2353905978869827,-0.022252655479200023,0.2576432533661827,-0.09453502254955874,-0.1689278344475196,-0.022935572240520147,1.0945350225495587,1.0229355722405202,1.1689278344475196,-0.03852051402982183,-0.005562190746592882,0.4679021117772,0.5038546010611735,0.5,False,False,negative_recovery,interpretable,0.0,1000,0,1000,manavgat_2021__mugla_2021,0.5079294316533509,0.4856767761741509,-0.022252655479200023,-0.03852051402982183,-0.005562190746592882,0.5,negative_recovery,-0.09453502254955874,-0.1689278344475196,-0.022935572240520147,True
manavgat_2021,mugla_2021,manavgat_2021_to_mugla_2021,baseline,regionwise_zscore,pr_auc,0.2249450861168977,0.0749055111757259,0.0651590389474668,0.15003957494117182,-0.009746472228259098,0.1597860471694309,-0.06495934310718048,-0.09972941509784143,-0.03680627209122845,1.0649593431071804,1.0368062720912286,1.0997294150978414,-0.014664487211953464,-0.005523101702917381,0.05983868445468133,0.0707236665705395,0.06975796788880902,False,False,negative_recovery,interpretable,0.0,1000,0,1000,manavgat_2021__mugla_2021,0.0749055111757259,0.0651590389474668,-0.009746472228259098,-0.014664487211953464,-0.005523101702917381,0.06975796788880902,negative_recovery,-0.06495934310718048,-0.09972941509784143,-0.03680627209122845,True
manavgat_2021,mugla_2021,manavgat_2021_to_mugla_2021,baseline,coral_after_regionwise_zscore,pr_auc,0.2249450861168977,0.0749055111757259,0.068475238985024,0.15003957494117182,-0.0064302721907018995,0.1564698471318737,-0.042857174137044235,-0.07347077115836556,-0.015199155337904122,1.042857174137044,1.015199155337904,1.0734707711583655,-0.0107883418549115,-0.0021818593684754975,0.06276143811958443,0.07444497274692095,0.06975796788880902,False,False,negative_recovery,interpretable,2.220446049250313e-16,1000,0,1000,manavgat_2021__mugla_2021,0.0749055111757259,0.068475238985024,-0.0064302721907018995,-0.0107883418549115,-0.0021818593684754975,0.06975796788880902,negative_recovery,-0.042857174137044235,-0.07347077115836556,-0.015199155337904122,True
manavgat_2021,mugla_2021,manavgat_2021_to_mugla_2021,thermal,regionwise_zscore,roc_auc,0.8589830389802724,0.4701598710870077,0.4305043280209929,0.3888231678932647,-0.039655543066014765,0.4284787109592795,-0.10198863221262719,-0.15542057589036776,-0.054517198264099793,1.101988632212627,1.0545171982640997,1.1554205758903677,-0.05922147198572798,-0.021403184228365443,0.410934937284168,0.4494361095670697,0.5,False,False,negative_recovery,interpretable,1.1102230246251565e-16,1000,0,1000,manavgat_2021__mugla_2021,0.4701598710870077,0.4305043280209929,-0.039655543066014765,-0.05922147198572798,-0.021403184228365443,0.5,negative_recovery,-0.10198863221262719,-0.15542057589036776,-0.054517198264099793,True
manavgat_2021,mugla_2021,manavgat_2021_to_mugla_2021,thermal,coral_after_regionwise_zscore,roc_auc,0.8589830389802724,0.4701598710870077,0.4429622459524184,0.3888231678932647,-0.027197625134589287,0.416020793027854,-0.06994857143403366,-0.1176632901217061,-0.025686112685988503,1.0699485714340335,1.0256861126859886,1.117663290121706,-0.044880754524265175,-0.010352563455572112,0.42262972858098685,0.4614536793317533,0.5,False,False,negative_recovery,interpretable,1.1102230246251565e-16,1000,0,1000,manavgat_2021__mugla_2021,0.4701598710870077,0.4429622459524184,-0.027197625134589287,-0.044880754524265175,-0.010352563455572112,0.5,negative_recovery,-0.06994857143403366,-0.1176632901217061,-0.025686112685988503,True
manavgat_2021,mugla_2021,manavgat_2021_to_mugla_2021,thermal,regionwise_zscore,pr_auc,0.4467473901441791,0.0626464704650159,0.0610343471113958,0.38410091967916316,-0.0016121233536200985,0.3857130430327833,-0.004197134844057895,-0.013690305050865109,0.005258191182737995,1.0041971348440581,0.994741808817262,1.0136903050508652,-0.0052139575024663,0.0020304307530648025,0.05568098731559772,0.06670059558367608,0.06975796788880902,False,False,negative_recovery,interpretable,2.220446049250313e-16,1000,0,1000,manavgat_2021__mugla_2021,0.0626464704650159,0.0610343471113958,-0.0016121233536200985,-0.0052139575024663,0.0020304307530648025,0.06975796788880902,negative_recovery,-0.004197134844057895,-0.013690305050865109,0.005258191182737995,True
manavgat_2021,mugla_2021,manavgat_2021_to_mugla_2021,thermal,coral_after_regionwise_zscore,pr_auc,0.4467473901441791,0.0626464704650159,0.0637275561671595,0.38410091967916316,0.0010810857021436027,0.38301983397701955,0.0028145876428690305,-0.0060960659372235725,0.012153586166416264,0.997185412357131,0.9878464138335838,1.0060960659372236,-0.002285160469931172,0.004593713749408783,0.05808939437103916,0.06958419946610113,0.06975796788880902,False,False,recovery_effect_uncertain,interpretable,0.0,1000,0,1000,manavgat_2021__mugla_2021,0.0626464704650159,0.0637275561671595,0.0010810857021436027,-0.002285160469931172,0.004593713749408783,0.06975796788880902,recovery_effect_uncertain,0.0028145876428690305,-0.0060960659372235725,0.012153586166416264,False
mugla_2021,bejis_2022,mugla_2021_to_bejis_2022,baseline,regionwise_zscore,roc_auc,0.8616776566230079,0.4507383379572875,0.573885605522937,0.41093931866572037,0.12314726756564948,0.2877920511000709,0.2996726328488025,0.2225992115072593,0.36135181480981704,0.7003273671511975,0.638648185190183,0.7774007884927407,0.08916966127282683,0.15539397159419607,0.5460276410544633,0.5993454157941586,0.5,True,True,supported_recovery_above_chance,interpretable,0.0,1000,0,1000,mugla_2021__bejis_2022,0.4507383379572875,0.573885605522937,0.12314726756564948,0.08916966127282683,0.15539397159419607,0.5,supported_recovery_above_chance,0.2996726328488025,0.2225992115072593,0.36135181480981704,False
mugla_2021,bejis_2022,mugla_2021_to_bejis_2022,baseline,coral_after_regionwise_zscore,roc_auc,0.8616776566230079,0.4507383379572875,0.6087499838699271,0.41093931866572037,0.15801164591263955,0.2529276727530808,0.38451333015708467,0.313665473646631,0.4443897183413016,0.6154866698429153,0.5556102816586985,0.686334526353369,0.12475241434251956,0.18942213852417158,0.5811961217370522,0.6318741920473697,0.5,True,True,supported_recovery_above_chance,interpretable,0.0,1000,0,1000,mugla_2021__bejis_2022,0.4507383379572875,0.6087499838699271,0.15801164591263955,0.12475241434251956,0.18942213852417158,0.5,supported_recovery_above_chance,0.38451333015708467,0.313665473646631,0.4443897183413016,False
mugla_2021,bejis_2022,mugla_2021_to_bejis_2022,baseline,regionwise_zscore,pr_auc,0.3027735748414686,0.0641658658878618,0.0852407424254424,0.2386077089536068,0.021074876537580597,0.21753283241602622,0.08832437405313777,0.05257880993838888,0.12365705736168532,0.9116756259468622,0.8763429426383146,0.9474211900616112,0.012349970739148076,0.02959094510928136,0.07429035104465181,0.09728905992715318,0.07241606319947334,True,True,supported_recovery_above_chance,interpretable,0.0,1000,0,1000,mugla_2021__bejis_2022,0.0641658658878618,0.0852407424254424,0.021074876537580597,0.012349970739148076,0.02959094510928136,0.07241606319947334,supported_recovery_above_chance,0.08832437405313777,0.05257880993838888,0.12365705736168532,False
mugla_2021,bejis_2022,mugla_2021_to_bejis_2022,baseline,coral_after_regionwise_zscore,pr_auc,0.3027735748414686,0.0641658658878618,0.0956030273675055,0.2386077089536068,0.031437161479643705,0.2071705474739631,0.1317524970903439,0.08965464612458977,0.171516168645318,0.8682475029096561,0.828483831354682,0.9103453538754103,0.021298286204564323,0.04148848260899585,0.08277576900755991,0.1097935349033282,0.07241606319947334,True,True,supported_recovery_above_chance,interpretable,0.0,1000,0,1000,mugla_2021__bejis_2022,0.0641658658878618,0.0956030273675055,0.031437161479643705,0.021298286204564323,0.04148848260899585,0.07241606319947334,supported_recovery_above_chance,0.1317524970903439,0.08965464612458977,0.171516168645318,False
mugla_2021,bejis_2022,mugla_2021_to_bejis_2022,thermal,regionwise_zscore,roc_auc,0.9178110845861024,0.5831912381443964,0.5352625975869411,0.33461984644170595,-0.04792864055745538,0.38254848699916133,-0.14323310785992194,-0.24057919633529234,-0.05990734626314992,1.1432331078599218,1.0599073462631499,1.2405791963352923,-0.07644563470906497,-0.02042224279991708,0.5124544199791791,0.5566333055543582,0.5,False,True,negative_recovery,interpretable,1.1102230246251565e-16,1000,0,1000,mugla_2021__bejis_2022,0.5831912381443964,0.5352625975869411,-0.04792864055745538,-0.07644563470906497,-0.02042224279991708,0.5,negative_recovery,-0.14323310785992194,-0.24057919633529234,-0.05990734626314992,True
mugla_2021,bejis_2022,mugla_2021_to_bejis_2022,thermal,coral_after_regionwise_zscore,roc_auc,0.9178110845861024,0.5831912381443964,0.560332344022195,0.33461984644170595,-0.022858894122201434,0.3574787405639074,-0.06831302555804525,-0.16424283030293713,0.010515393239790156,1.0683130255580453,0.9894846067602099,1.164242830302937,-0.05181970987924267,0.003598666666129796,0.537746956824107,0.5809565791531939,0.5,False,True,negative_recovery,interpretable,0.0,1000,0,1000,mugla_2021__bejis_2022,0.5831912381443964,0.560332344022195,-0.022858894122201434,-0.05181970987924267,0.003598666666129796,0.5,negative_recovery,-0.06831302555804525,-0.16424283030293713,0.010515393239790156,True
mugla_2021,bejis_2022,mugla_2021_to_bejis_2022,thermal,regionwise_zscore,pr_auc,0.4978078062944499,0.0882719168819328,0.0721847069129346,0.40953588941251706,-0.016087209968998192,0.42562309938151527,-0.039281563313231085,-0.0666240187142142,-0.019823180545445063,1.039281563313231,1.0198231805454452,1.0666240187142142,-0.025636331499892136,-0.008257304968063806,0.06389721562413271,0.08188584294288359,0.07241606319947334,False,False,negative_recovery,interpretable,0.0,1000,0,1000,mugla_2021__bejis_2022,0.0882719168819328,0.0721847069129346,-0.016087209968998192,-0.025636331499892136,-0.008257304968063806,0.07241606319947334,negative_recovery,-0.039281563313231085,-0.0666240187142142,-0.019823180545445063,True
mugla_2021,bejis_2022,mugla_2021_to_bejis_2022,thermal,coral_after_regionwise_zscore,pr_auc,0.4978078062944499,0.0882719168819328,0.0779051864706781,0.40953588941251706,-0.010366730411254702,0.41990261982377175,-0.025313362465316215,-0.05170389254177117,-0.005380454158425363,1.0253133624653161,1.0053804541584253,1.051703892541771,-0.020004869283630877,-0.0022682709152963853,0.06866797021174889,0.08865025604564898,0.07241606319947334,False,False,negative_recovery,interpretable,1.1102230246251565e-16,1000,0,1000,mugla_2021__bejis_2022,0.0882719168819328,0.0779051864706781,-0.010366730411254702,-0.020004869283630877,-0.0022682709152963853,0.07241606319947334,negative_recovery,-0.025313362465316215,-0.05170389254177117,-0.005380454158425363,True
mugla_2021,evia_2021_extended,mugla_2021_to_evia_2021_extended,baseline,regionwise_zscore,roc_auc,0.7589523122760988,0.5997551855443022,0.544376397048239,0.15919712673179665,-0.05537878849606315,0.2145759152278598,-0.34786298994806086,-0.4982251077989347,-0.21272626878584217,1.3478629899480608,1.212726268785842,1.4982251077989346,-0.07398609447640953,-0.035650023655435896,0.5266899778437787,0.5629652180537331,0.5,False,True,negative_recovery,interpretable,1.1102230246251565e-16,1000,0,1000,mugla_2021__evia_2021_extended,0.5997551855443022,0.544376397048239,-0.05537878849606315,-0.07398609447640953,-0.035650023655435896,0.5,negative_recovery,-0.34786298994806086,-0.4982251077989347,-0.21272626878584217,True
mugla_2021,evia_2021_extended,mugla_2021_to_evia_2021_extended,baseline,coral_after_regionwise_zscore,roc_auc,0.7589523122760988,0.5997551855443022,0.5526286291567419,0.15919712673179665,-0.04712655638756025,0.2063236831193569,-0.29602642557083036,-0.4402881876041297,-0.16459659557032366,1.2960264255708303,1.1645965955703235,1.4402881876041298,-0.06545420095548406,-0.02825511003528141,0.5344509104335459,0.5711512676778622,0.5,False,True,negative_recovery,interpretable,1.1102230246251565e-16,1000,0,1000,mugla_2021__evia_2021_extended,0.5997551855443022,0.5526286291567419,-0.04712655638756025,-0.06545420095548406,-0.02825511003528141,0.5,negative_recovery,-0.29602642557083036,-0.4402881876041297,-0.16459659557032366,True
mugla_2021,evia_2021_extended,mugla_2021_to_evia_2021_extended,baseline,regionwise_zscore,pr_auc,0.5159513545668625,0.3436985044779396,0.2893900438523016,0.17225285008892288,-0.05430846062563799,0.22656131071456087,-0.3152833790419263,-0.45904241787168004,-0.2068235798156441,1.3152833790419263,1.206823579815644,1.45904241787168,-0.0718386225532867,-0.038262577270420976,0.268787198681515,0.31136452166553913,0.28651322865132284,False,False,negative_recovery,interpretable,0.0,1000,0,1000,mugla_2021__evia_2021_extended,0.3436985044779396,0.2893900438523016,-0.05430846062563799,-0.0718386225532867,-0.038262577270420976,0.28651322865132284,negative_recovery,-0.3152833790419263,-0.45904241787168004,-0.2068235798156441,True
mugla_2021,evia_2021_extended,mugla_2021_to_evia_2021_extended,baseline,coral_after_regionwise_zscore,pr_auc,0.5159513545668625,0.3436985044779396,0.2970540717087042,0.17225285008892288,-0.04664443276923541,0.2188972828581583,-0.270790484715672,-0.40029755105797865,-0.15777751843485735,1.270790484715672,1.1577775184348573,1.4002975510579787,-0.06390555953237544,-0.029387682638970007,0.2757052532885047,0.31967781444956783,0.28651322865132284,False,False,negative_recovery,interpretable,1.1102230246251565e-16,1000,0,1000,mugla_2021__evia_2021_extended,0.3436985044779396,0.2970540717087042,-0.04664443276923541,-0.06390555953237544,-0.029387682638970007,0.28651322865132284,negative_recovery,-0.270790484715672,-0.40029755105797865,-0.15777751843485735,True
mugla_2021,evia_2021_extended,mugla_2021_to_evia_2021_extended,thermal,regionwise_zscore,roc_auc,0.9122372202621674,0.6534051763551312,0.5613249007976924,0.2588320439070362,-0.0920802755574388,0.350912319464475,-0.35575299784176245,-0.44740517166064553,-0.2644412366117855,1.3557529978417624,1.2644412366117854,1.4474051716606455,-0.11170023407528026,-0.07100783834878995,0.5425937242083649,0.5799223988953973,0.5,False,True,negative_recovery,interpretable,0.0,1000,0,1000,mugla_2021__evia_2021_extended,0.6534051763551312,0.5613249007976924,-0.0920802755574388,-0.11170023407528026,-0.07100783834878995,0.5,negative_recovery,-0.35575299784176245,-0.44740517166064553,-0.2644412366117855,True
mugla_2021,evia_2021_extended,mugla_2021_to_evia_2021_extended,thermal,coral_after_regionwise_zscore,roc_auc,0.9122372202621674,0.6534051763551312,0.5632802590803043,0.2588320439070362,-0.09012491727482685,0.34895696118186303,-0.34819845299833396,-0.4269038432903224,-0.27119651099705555,1.348198452998334,1.2711965109970556,1.4269038432903223,-0.10758907051007342,-0.07216256631455056,0.5453443768848242,0.5824200701235744,0.5,False,True,negative_recovery,interpretable,0.0,1000,0,1000,mugla_2021__evia_2021_extended,0.6534051763551312,0.5632802590803043,-0.09012491727482685,-0.10758907051007342,-0.07216256631455056,0.5,negative_recovery,-0.34819845299833396,-0.4269038432903224,-0.27119651099705555,True
mugla_2021,evia_2021_extended,mugla_2021_to_evia_2021_extended,thermal,regionwise_zscore,pr_auc,0.8163670997686907,0.3787524641133996,0.2928117862149897,0.43761463565529113,-0.08594067789840987,0.523555313553701,-0.19638437770647438,-0.25239129807033917,-0.14903851123834044,1.1963843777064744,1.1490385112383406,1.252391298070339,-0.10686734761414401,-0.06803696089539443,0.27317027791716647,0.3149321885082713,0.28651322865132284,False,False,negative_recovery,interpretable,0.0,1000,0,1000,mugla_2021__evia_2021_extended,0.3787524641133996,0.2928117862149897,-0.08594067789840987,-0.10686734761414401,-0.06803696089539443,0.28651322865132284,negative_recovery,-0.19638437770647438,-0.25239129807033917,-0.14903851123834044,True
mugla_2021,evia_2021_extended,mugla_2021_to_evia_2021_extended,thermal,coral_after_regionwise_zscore,pr_auc,0.8163670997686907,0.3787524641133996,0.2940616170972712,0.43761463565529113,-0.08469084701612839,0.5223054826714195,-0.19352836974775983,-0.24755947195297867,-0.14841525621181542,1.1935283697477599,1.1484152562118153,1.2475594719529786,-0.10413870284976565,-0.06804477251522935,0.27393476556741025,0.3157776271942127,0.28651322865132284,False,False,negative_recovery,interpretable,0.0,1000,0,1000,mugla_2021__evia_2021_extended,0.3787524641133996,0.2940616170972712,-0.08469084701612839,-0.10413870284976565,-0.06804477251522935,0.28651322865132284,negative_recovery,-0.19352836974775983,-0.24755947195297867,-0.14841525621181542,True
mugla_2021,manavgat_2021,mugla_2021_to_manavgat_2021,baseline,regionwise_zscore,roc_auc,0.8027358197042693,0.52151982986128,0.5762350277719441,0.28121598984298934,0.05471519791066415,0.2265007919323252,0.1945664538535421,0.07864563206759848,0.292574460741032,0.8054335461464579,0.707425539258968,0.9213543679324016,0.020834184476271403,0.08573218903839225,0.5476150047509709,0.6055727211040715,0.5,True,True,supported_recovery_above_chance,interpretable,0.0,1000,0,1000,mugla_2021__manavgat_2021,0.52151982986128,0.5762350277719441,0.05471519791066415,0.020834184476271403,0.08573218903839225,0.5,supported_recovery_above_chance,0.1945664538535421,0.07864563206759848,0.292574460741032,False
mugla_2021,manavgat_2021,mugla_2021_to_manavgat_2021,baseline,coral_after_regionwise_zscore,roc_auc,0.8027358197042693,0.52151982986128,0.6013406984936216,0.28121598984298934,0.07982086863234161,0.20139512121064773,0.2838418564922564,0.19451626763150906,0.3656305006666907,0.7161581435077436,0.6343694993333093,0.8054837323684909,0.051688978834002204,0.1073902419909183,0.5774575624049685,0.6264962022372648,0.5,True,True,supported_recovery_above_chance,interpretable,0.0,1000,0,1000,mugla_2021__manavgat_2021,0.52151982986128,0.6013406984936216,0.07982086863234161,0.051688978834002204,0.1073902419909183,0.5,supported_recovery_above_chance,0.2838418564922564,0.19451626763150906,0.3656305006666907,False
mugla_2021,manavgat_2021,mugla_2021_to_manavgat_2021,baseline,regionwise_zscore,pr_auc,0.1188361147290672,0.0378368644741754,0.048126967745402,0.0809992502548918,0.010290103271226599,0.0707091469836652,0.12703948788223687,0.05848693414807658,0.2083020449496326,0.8729605121177633,0.7916979550503674,0.9415130658519233,0.004710579118205038,0.016589804841389135,0.04028379323654843,0.05678921072520378,0.03822339232606894,True,True,supported_recovery_above_chance,interpretable,2.220446049250313e-16,1000,0,1000,mugla_2021__manavgat_2021,0.0378368644741754,0.048126967745402,0.010290103271226599,0.004710579118205038,0.016589804841389135,0.03822339232606894,supported_recovery_above_chance,0.12703948788223687,0.05848693414807658,0.2083020449496326,False
mugla_2021,manavgat_2021,mugla_2021_to_manavgat_2021,baseline,coral_after_regionwise_zscore,pr_auc,0.1188361147290672,0.0378368644741754,0.0479358307773327,0.0809992502548918,0.010098966303157299,0.0709002839517345,0.12467975038506472,0.073286338537256,0.18712884581700176,0.8753202496149354,0.812871154182998,0.926713661462744,0.005735714345345263,0.015490516892112071,0.041186811194134434,0.05618168262698963,0.03822339232606894,True,True,supported_recovery_above_chance,interpretable,0.0,1000,0,1000,mugla_2021__manavgat_2021,0.0378368644741754,0.0479358307773327,0.010098966303157299,0.005735714345345263,0.015490516892112071,0.03822339232606894,supported_recovery_above_chance,0.12467975038506472,0.073286338537256,0.18712884581700176,False
mugla_2021,manavgat_2021,mugla_2021_to_manavgat_2021,thermal,regionwise_zscore,roc_auc,0.8696419777927898,0.4009996658469744,0.5589374037240993,0.46864231194581546,0.1579377378771249,0.31070457406869056,0.3370112639240003,0.26578837060590044,0.4000804762681854,0.6629887360759997,0.5999195237318147,0.7342116293940995,0.11957228680362872,0.1939612279335304,0.5305752264513666,0.5865020720511877,0.5,True,True,supported_recovery_above_chance,interpretable,0.0,1000,0,1000,mugla_2021__manavgat_2021,0.4009996658469744,0.5589374037240993,0.1579377378771249,0.11957228680362872,0.1939612279335304,0.5,supported_recovery_above_chance,0.3370112639240003,0.26578837060590044,0.4000804762681854,False
mugla_2021,manavgat_2021,mugla_2021_to_manavgat_2021,thermal,coral_after_regionwise_zscore,roc_auc,0.8696419777927898,0.4009996658469744,0.5604041725677953,0.46864231194581546,0.1594045067208209,0.30923780522499456,0.3401410898195878,0.27968317177904456,0.3974756410621154,0.6598589101804122,0.6025243589378847,0.7203168282209554,0.12660862211030016,0.19226336553608658,0.5350207448580354,0.5869154761066447,0.5,True,True,supported_recovery_above_chance,interpretable,0.0,1000,0,1000,mugla_2021__manavgat_2021,0.4009996658469744,0.5604041725677953,0.1594045067208209,0.12660862211030016,0.19226336553608658,0.5,supported_recovery_above_chance,0.3401410898195878,0.27968317177904456,0.3974756410621154,False
mugla_2021,manavgat_2021,mugla_2021_to_manavgat_2021,thermal,regionwise_zscore,pr_auc,0.2156263996380977,0.0287387742102901,0.0431942859100813,0.18688762542780762,0.014455511699791201,0.17243211372801642,0.07734868302115158,0.05470542083727349,0.10695947473093524,0.9226513169788484,0.8930405252690647,0.9452945791627266,0.009998187103883071,0.02006527200214072,0.03654615656128197,0.0508260620757395,0.03822339232606894,True,False,supported_relative_recovery_but_chance_not_excluded,interpretable,0.0,1000,0,1000,mugla_2021__manavgat_2021,0.0287387742102901,0.0431942859100813,0.014455511699791201,0.009998187103883071,0.02006527200214072,0.03822339232606894,supported_relative_recovery_but_chance_not_excluded,0.07734868302115158,0.05470542083727349,0.10695947473093524,False
mugla_2021,manavgat_2021,mugla_2021_to_manavgat_2021,thermal,coral_after_regionwise_zscore,pr_auc,0.2156263996380977,0.0287387742102901,0.0439412607577234,0.18688762542780762,0.015202486547433301,0.17168513888037432,0.08134560280614103,0.0604846937076731,0.10959704878367328,0.9186543971938589,0.8904029512163267,0.9395153062923267,0.01098035355355457,0.020466411609136276,0.037496450296046854,0.051586421439373656,0.03822339232606894,True,False,supported_relative_recovery_but_chance_not_excluded,interpretable,1.1102230246251565e-16,1000,0,1000,mugla_2021__manavgat_2021,0.0287387742102901,0.0439412607577234,0.015202486547433301,0.01098035355355457,0.020466411609136276,0.03822339232606894,supported_relative_recovery_but_chance_not_excluded,0.08134560280614103,0.0604846937076731,0.10959704878367328,False
